ItemID,ItemName,Availability,Condition,LocationID,Duration
1,"3D Printer",1,1,1,4
2,"3D Printer",1,2,1,2
3,"3D Printer",1,2,1,24
4,"3D Printer",1,1,1,2
5,"3D Printer",1,2,1,24
6,"3D Printer",1,1,1,24
7,"3D Printer",0,1,1,2
8,"3D Printer",1,1,1,2
9,"3D Printer",1,1,1,2
10,"3D Printer",0,2,1,24
11,"3D Printer",0,1,1,2
12,"3D Printer",1,1,1,4
13,"3D Printer",0,2,1,2
14,"3D Printer",1,1,1,2
15,"3D Printer",0,1,1,2
16,"3D Printer",0,2,1,4
17,"laser cutter",1,2,1,2
18,"water jet cutter",1,2,1,24
19,"soldering station",0,1,1,4
20,"table saw",1,1,1,2
21,"miter saw",1,2,1,4
22,"band saw",0,1,1,2
23,"belt sander",1,1,1,4
24,"cnc router",0,2,1,2
25,drill,1,2,1,4
26,drill,1,2,1,4
27,drill,1,2,1,2
28,drill,1,1,1,2
29,battery,1,1,1,168
30,battery,1,1,1,2
31,battery,1,1,1,2
32,battery,1,2,1,2
33,battery,1,2,1,2
34,battery,0,1,1,168
35,battery,1,1,1,4
36,battery,0,2,1,24
37,clamp,1,2,1,24
38,pliers,1,2,1,24
39,scissors,1,2,1,2
40,clamp,0,2,1,2
41,pliers,1,1,1,2
42,scissors,1,1,1,2
43,clamp,1,1,1,2
44,pliers,1,2,1,2
45,scissors,1,2,1,2
46,clamp,1,2,1,24
47,pliers,1,1,1,4
48,scissors,0,1,1,4
49,clamp,0,1,1,24
50,pliers,1,2,1,24
51,scissors,1,2,1,2
52,clamp,1,1,1,168
53,pliers,1,1,1,2
54,scissors,0,2,1,2
55,clamp,1,1,1,24
56,pliers,0,1,1,24
57,scissors,0,1,1,2
58,clamp,1,1,1,4
59,pliers,1,1,1,4
60,scissors,1,1,1,2
61,clamp,1,2,1,2
62,pliers,0,1,1,24
63,scissors,1,1,1,2
64,clamp,1,2,1,2
65,pliers,0,1,1,2
66,scissors,1,1,1,4
67,hammer,1,1,1,4
68,"allen keys",1,2,1,4
69,hammer,0,2,1,4
70,"allen keys",0,2,1,2
71,hammer,0,1,1,2
72,"allen keys",1,1,1,2
73,hammer,1,2,1,2
74,"allen keys",1,1,1,4
75,hammer,0,1,1,2
76,"allen keys",0,1,1,4
77,"high power water jet cutter",1,1,1,2
78,mill,1,1,1,4
79,"welding machine",1,1,1,4
80,"EDM machine",0,2,1,4
81,"Stanley Linesman",1,2,2,2
82,"Irwin Vice Grip - Curved Jaw Locking Pliers with Wire Cutter (10WR) 5"",0,2,2,24
83,"Irwin Vice Grip - Curved Jaw Locking Pliers with Wire Cutter (10WR) 7"",0,1,2,4
84,"Irwin Vice Grip - Curved Jaw Locking Pliers with Wire Cutter (10WR) 9"",1,2,2,2
85,"Stanley Groove Joint Pliers",1,2,2,168
86,"Stanley Long Nose Pliers",1,2,2,4
87,"Stanley Diagonal Pliers",1,2,2,4
88,"Wire Stripper",0,1,2,4
89,"Stanley Bent Nose Pliers",1,2,2,2
90,"Stanley Linesman",1,1,2,2
91,"Irwin Vice Grip - Curved Jaw Locking Pliers with Wire Cutter (10WR) 5"",1,2,2,4
92,"Irwin Vice Grip - Curved Jaw Locking Pliers with Wire Cutter (10WR) 7"",1,1,2,2
93,"Irwin Vice Grip - Curved Jaw Locking Pliers with Wire Cutter (10WR) 9"",1,1,2,2
94,"Stanley Groove Joint Pliers",1,2,2,2
95,"Stanley Long Nose Pliers",1,2,2,4
96,"Stanley Diagonal Pliers",0,1,2,2
97,"Wire Stripper",1,2,2,2
98,"Stanley Bent Nose Pliers",1,2,2,2
99,"Stanley Linesman",1,1,2,24
100,"Irwin Vice Grip - Curved Jaw Locking Pliers with Wire Cutter (10WR) 5"",1,2,2,168
101,"Irwin Vice Grip - Curved Jaw Locking Pliers with Wire Cutter (10WR) 7"",1,2,2,24
102,"Irwin Vice Grip - Curved Jaw Locking Pliers with Wire Cutter (10WR) 9"",1,1,2,4
103,"Stanley Groove Joint Pliers",1,1,2,4
104,"Stanley Long Nose Pliers",1,1,2,24
105,"Stanley Diagonal Pliers",1,1,2,2
106,"Wire Stripper",1,1,2,2
107,"Stanley Bent Nose Pliers",1,1,2,2
108,"Bandy Clamp Small",1,2,2,2
109,"Bandy Clamp Medium",0,1,2,4
110,"Bandy Clamp Large",1,1,2,2
111,"Spring Clamp",1,1,2,2
112,"Trigger Clamp",1,2,2,4
113,"Pipe Clamps",0,2,2,4
114,"C Clamp",1,2,2,2
115,"Bandy Clamp Small",0,2,2,2
116,"Bandy Clamp Medium",1,2,2,2
117,"Bandy Clamp Large",0,2,2,2
118,"Spring Clamp",1,1,2,2
119,"Trigger Clamp",1,2,2,4
120,"Pipe Clamps",1,2,2,2
121,"C Clamp",1,2,2,2
122,"Bandy Clamp Small",1,2,2,4
123,"Bandy Clamp Medium",1,1,2,168
124,"Bandy Clamp Large",1,1,2,4
125,"Spring Clamp",0,1,2,2
126,"Trigger Clamp",1,1,2,24
127,"Pipe Clamps",1,1,2,2
128,"C Clamp",0,2,2,2
129,"Bandy Clamp Small",1,1,2,4
130,"Bandy Clamp Medium",1,2,2,24
131,"Bandy Clamp Large",1,1,2,24
132,"Spring Clamp",0,2,2,2
133,"Trigger Clamp",1,2,2,2
134,"Pipe Clamps",1,2,2,4
135,"C Clamp",1,1,2,4
136,"Proto antivibe Ball Peen Hammer 8 oz",0,2,2,2
137,"Proto antivibe Ball Peen Hammer 12 oz",0,1,2,4
138,"Proto antivibe Ball Peen Hammer 16 oz",1,1,2,2
139,"Proto antivibe Ball Peen Hammer 24 oz",1,1,2,2
140,"Westward Rubber Mallet 32 oz",0,2,2,4
141,"Westward Dead Blow Hammer 27 oz",1,1,2,4
142,"Milwaukee Tools 3lb Fiberglass Drilling Hammer",1,2,2,4
143,"19oz Milled Face Hickory Handle Framing Hammer",0,1,2,2
144,"Pittsburgh 1-1/2 lb. Soft Face Mallet",1,2,2,2
145,"Proto antivibe Ball Peen Hammer 8 oz",0,1,2,4
146,"Proto antivibe Ball Peen Hammer 12 oz",1,1,2,2
147,"Proto antivibe Ball Peen Hammer 16 oz",1,1,2,2
148,"Proto antivibe Ball Peen Hammer 24 oz",0,1,2,4
149,"Westward Rubber Mallet 32 oz",1,1,2,2
150,"Westward Dead Blow Hammer 27 oz",1,1,2,4
151,"Milwaukee Tools 3lb Fiberglass Drilling Hammer",0,2,2,2
152,"19oz Milled Face Hickory Handle Framing Hammer",1,2,2,24
153,"Pittsburgh 1-1/2 lb. Soft Face Mallet",1,2,2,2
154,"30' Tape Measure",1,2,2,2
155,"Set Squares",1,2,2,2
156,"Carbonized Bamboo Try Square",1,1,2,4
157,"Husky Digital Fractional Caliper",1,2,2,4
158,"Johnson combination square",1,2,2,2
159,"30' Tape Measure",0,1,2,2
160,"Set Squares",1,2,2,24
161,"Carbonized Bamboo Try Square",0,2,2,2
162,"Husky Digital Fractional Caliper",1,1,2,2
163,"Johnson combination square",0,2,2,2
164,"30' Tape Measure",1,2,2,4
165,"Set Squares",1,2,2,2
166,"Carbonized Bamboo Try Square",1,2,2,2
167,"Husky Digital Fractional Caliper",1,1,2,4
168,"Johnson combination square",1,2,2,4
169,"DEWALT 20V MAX XR Brushless Drill",1,2,2,4
170,"Dewalt 20V MAX Impact Driver",1,2,2,2
171,"DeWalt Rapid Heat Ceramic Glue Gun",0,1,2,2
172,"Dewalt Battery (For Drill and Impact Drivers",1,2,2,2
173,"Dewalt Battery (For Drill and Impact Drivers",1,2,2,2
174,"Dewalt Battery (For Drill and Impact Drivers",0,2,2,2
175,"Dewalt Battery (For Drill and Impact Drivers",1,2,2,24
176,"Milwaukee 2729S-20 M18 FUEL™ Deep Cut Dual-Trigger Band Saw (Cordless)",1,1,2,2
177,"M18 FUEL™ SAWZALL® Reciprocating Saw (Tool Only)",0,1,2,2
178,"Milwaukee Handheld Cordless Jig Saw",1,1,2,2
179,"Milwaukee 4 1/2 Inch Cordless Grinder with Burst Resistant Guard and Paddle Switch Design",0,1,2,4
180,"Cordless 3-in-1 Backpack Vacuum",1,1,2,4
181,"Milwaukee 5.0AH Battery Pack",0,1,2,2
182,"Milwaukee 5.0AH Battery Pack",1,1,2,2
183,"Milwaukee 5.0AH Battery Pack",1,1,2,2
184,"Milwaukee 5.0AH Battery Pack",1,2,2,2
185,"Milwaukee 5.0AH Battery Pack",1,2,2,4
186,"Milwaukee 5.0AH Battery Pack",1,2,2,2
187,"Milwaukee 5.0AH Battery Pack",1,1,2,2
188,"Milwaukee 5.0AH Battery Pack",1,2,2,2
189,"Makita BO5041 Random Orbit Sander",0,2,2,24
190,"Ryobi Cordless 10 inch Orbital Buffer",1,1,2,4
191,"Wagner Heat Gun",1,1,2,4
192,"Milwaukee HOLE DOZER Plumbers Hole Saw Kit, 12pc",0,2,2,2
193,"DEWALT  Black and Gold 14-Piece Assorted Set Black and Gold Coated Hss Twist Drill Bit Set",0,2,2,4
194,"Milwaukee Shockwave Titanium Red Helix Drill Bit Set 15 pc",1,2,2,2
195,"Warrior 6 Piece Wire Wheel and Cup Brush Set",1,2,2,2
196,"Forstner Bit Set (8-Piece) - Ryobi",0,1,2,24
197,"Avanti Pro - HCS Spade Bit Set (10-Piece)",0,1,2,2
198,"15 Pc. Router Bit Starter Set - Carbide Cutters - 1/2" Shank - Yonico 17150",0,1,2,2
199,"Buffalo Corporation® - Pro-Series™ 24-piece Carbide Tipped Router Bit Set",1,1,2,2
200,"Westward 25-Piece Hole Saw Kit for Wood, Range of Saw Sizes: 3/4" to 4-3/4"",1,1,2,24
201,"Gearwrench - 40 Piece Ratcheting Tap and Die Drive Set",0,2,2,2
202,"17 PC SAE Combination Wrench Set",1,2,2,2
203,"Large Format Printer / Cutter",1,1,2,4
204,"Screen-printing Station",1,1,2,2
205,"Laser Cutter / Engraving Machines",1,2,2,4
206,"FDM 3D Printers",1,1,2,2
207,"SLA 3D Printers",0,1,2,2
208,"FDM 3D Printers",0,2,2,24
209,"SLA 3D Printers",0,2,2,4
210,"CNC Router",1,2,2,4
211,"Waterjet Cutter",0,1,2,2
212,"Mat Board Cutter",1,1,2,24
213,"Sewing Machine",0,1,2,2
214,"Sewing Machine",1,2,2,2
215,"Soldering Station",1,1,2,168
216,"Soldering Station",1,1,2,24
217,"Table Saw",1,1,2,2
218,"Drill Press",0,2,2,4
219,"Compound Miter Saw",1,1,2,4
220,"Panel Saw",1,2,2,168
221,Bandsaw,0,1,2,4
222,"Belt / Disk Sander",0,1,2,4
223,"Scroll Saw",1,2,2,4
224,"Router Table",1,2,2,2
225,"Spindle Sander",1,2,2,4
226,"Downdraft Table",1,1,2,168
227,Planer,1,2,2,4
228,Jointer,0,1,2,2
229,"VSR Lathe",1,1,2,2
230,"USB-C Charger",0,1,6,240
231,"TI-84 Calculator",1,2,6,48
232,"Camera and Accessories Kit",1,0,6,48
233,"Camera and Accessories Kit",1,0,6,120
234,GoPro,0,1,6,48
235,"TI-89 Calculator",0,0,6,120
236,"MagSafe Charger",0,2,6,96
237,"USB-C Charger",0,0,6,120
238,"Dell Latitude 5310 laptop",1,1,6,96
239,"TI-84 Calculator",0,1,6,240
240,"Lightning Charger",0,0,6,48
241,"MagSafe Charger",0,2,6,96
242,"TI-89 Calculator",1,1,6,48
243,"Lightning Charger",0,2,6,48
244,"HDMI Cable",0,0,6,120
245,"TI-84 Calculator",0,1,6,96
246,"Dell Latitude 5310 laptop",1,0,6,96
247,GoPro,0,1,6,24
248,"TI-89 Calculator",0,0,6,240
249,"USB-C to HDMI Adapter",1,0,6,96
250,"Dell Latitude 5310 laptop",0,0,6,24
251,"TI-84 Calculator",1,1,6,48
252,"MagSafe Charger",1,0,6,120
253,"TI-89 Calculator",1,2,6,24
254,"Dell Latitude 5310 laptop",0,1,6,240
255,"Dell Latitude 5310 laptop",0,0,6,96
256,"TI-89 Calculator",0,1,6,96
257,"HDMI Cable",0,1,6,24
258,GoPro,0,0,6,24
259,"TI-89 Calculator",0,1,6,96
260,"USB-C Charger",0,2,6,96
261,"Lightning Charger",1,1,6,96
262,"USB-C to HDMI Adapter",0,0,6,120
263,"MagSafe Charger",1,1,6,240
264,"TI-84 Calculator",0,0,6,120
265,"Lightning Charger",0,2,6,240
266,"Lightning Charger",0,2,6,48
267,"USB-C to HDMI Adapter",1,1,6,240
268,"Dell Latitude 5310 laptop",0,2,6,48
269,"Dell Latitude 5310 laptop",0,0,6,96
270,"Dell Latitude 5310 laptop",0,2,6,96
271,"HDMI Cable",1,2,6,120
272,GoPro,1,2,6,240
273,"TI-84 Calculator",0,1,6,120
274,"Lightning Charger",1,0,6,240
275,GoPro,0,1,6,48
276,GoPro,0,1,6,120
277,"Dell Latitude 5310 laptop",1,1,6,240
278,"MagSafe Charger",1,2,6,120
279,"Lightning Charger",1,2,6,240
280,"TI-89 Calculator",1,0,6,48
281,GoPro,1,1,6,96
282,"MagSafe Charger",1,0,6,96
283,"TI-84 Calculator",0,0,6,48
284,"TI-84 Calculator",0,2,6,120
285,GoPro,0,1,6,120
286,"USB-C Charger",0,2,6,120
287,"HDMI Cable",1,2,6,120
288,"TI-84 Calculator",0,0,6,48
289,"Dell Latitude 5310 laptop",1,1,6,96
290,"MagSafe Charger",1,1,6,240
291,"TI-84 Calculator",1,0,6,24
292,"Camera and Accessories Kit",1,2,6,240
293,"TI-89 Calculator",1,0,6,120
294,"USB-C to HDMI Adapter",1,0,6,120
295,"USB-C to HDMI Adapter",0,0,6,96
296,"TI-89 Calculator",0,1,6,24
297,"HDMI Cable",0,0,6,96
298,"Lightning Charger",0,0,6,120
299,GoPro,1,0,6,24
300,"TI-84 Calculator",1,0,6,120
301,GoPro,1,0,6,48
302,"USB-C to HDMI Adapter",0,2,6,96
303,"MagSafe Charger",0,0,6,48
304,"Dell Latitude 5310 laptop",1,0,6,240
305,GoPro,0,0,6,48
306,"USB-C Charger",0,2,6,120
307,"MagSafe Charger",1,2,6,96
308,"TI-89 Calculator",1,1,6,120
309,"Camera and Accessories Kit",1,1,6,48
310,"USB-C Charger",1,0,6,48
311,"TI-89 Calculator",1,1,6,120
312,"USB-C Charger",0,2,6,48
313,"Camera and Accessories Kit",1,2,6,24
314,"TI-89 Calculator",0,2,6,48
315,GoPro,1,0,6,24
316,"HDMI Cable",1,1,6,96
317,"USB-C Charger",1,0,6,96
318,"Dell Latitude 5310 laptop",0,2,6,120
319,"TI-84 Calculator",0,2,6,240
320,"TI-89 Calculator",0,1,6,48
321,"MagSafe Charger",1,1,6,96
322,"MagSafe Charger",0,1,6,96
323,"TI-89 Calculator",0,1,6,120
324,"Camera and Accessories Kit",0,2,6,24
325,GoPro,0,1,6,120
326,"Camera and Accessories Kit",0,2,6,120
327,"USB-C Charger",0,0,6,240
328,"TI-84 Calculator",0,1,6,24
329,"TI-84 Calculator",1,0,6,240
330,"MagSafe Charger",0,0,6,96
331,GoPro,0,2,6,24
332,"USB-C to HDMI Adapter",0,0,6,240
333,"HDMI Cable",0,2,6,96
334,"TI-89 Calculator",0,2,6,96
335,"TI-89 Calculator",1,0,6,96
336,"TI-89 Calculator",0,0,6,48
337,"Camera and Accessories Kit",0,1,6,120
338,"Camera and Accessories Kit",1,0,6,48
339,"Dell Latitude 5310 laptop",1,2,6,240
340,"TI-89 Calculator",1,2,6,120
341,"HDMI Cable",0,2,6,96
342,"Dell Latitude 5310 laptop",1,0,6,120
343,"TI-89 Calculator",0,0,6,24
344,"USB-C Charger",0,2,6,120
345,GoPro,0,1,6,240
346,"USB-C Charger",0,1,6,120
347,"Dell Latitude 5310 laptop",0,1,6,240
348,"MagSafe Charger",1,2,6,96
349,"USB-C to HDMI Adapter",0,2,6,120
350,"HDMI Cable",1,1,6,48
351,"MagSafe Charger",1,1,6,96
352,"MagSafe Charger",0,0,6,120
353,"Camera and Accessories Kit",0,2,6,96
354,"Camera and Accessories Kit",0,1,6,120
355,GoPro,1,2,6,24
356,"TI-89 Calculator",1,2,6,120
357,"Lightning Charger",1,1,6,240
358,"USB-C to HDMI Adapter",1,1,6,24
359,"HDMI Cable",1,0,6,240
360,"TI-89 Calculator",0,0,6,240
361,"Camera and Accessories Kit",0,1,6,120
362,"USB-C to HDMI Adapter",1,1,6,96
363,"HDMI Cable",0,1,6,48
364,"USB-C Charger",0,1,6,48
365,"USB-C Charger",0,0,6,120
366,"Camera and Accessories Kit",0,2,6,240
367,"Lightning Charger",0,2,6,24
368,"HDMI Cable",1,1,6,240
369,"Dell Latitude 5310 laptop",1,0,6,48
370,"USB-C Charger",1,1,6,24
371,"MagSafe Charger",1,2,6,48
372,"USB-C Charger",0,1,6,96
373,"TI-84 Calculator",0,1,6,120
374,"Lightning Charger",1,1,6,48
375,"Dell Latitude 5310 laptop",0,1,6,48
376,"TI-89 Calculator",1,1,6,24
377,"TI-84 Calculator",0,0,6,48
378,"USB-C to HDMI Adapter",0,2,6,96
379,"TI-84 Calculator",0,0,6,48
380,"USB-C to HDMI Adapter",1,1,6,24
381,"USB-C to HDMI Adapter",1,0,6,120
382,"Camera and Accessories Kit",0,0,6,240
383,"Dell Latitude 5310 laptop",1,2,6,96
384,"Dell Latitude 5310 laptop",1,1,6,96
385,"TI-89 Calculator",0,0,6,96
386,GoPro,1,0,6,24
387,"Dell Latitude 5310 laptop",1,2,6,48
388,"Dell Latitude 5310 laptop",0,0,6,240
389,"TI-84 Calculator",0,2,6,240
390,"USB-C Charger",1,1,6,120
391,"Lightning Charger",0,1,6,96
392,"HDMI Cable",0,2,6,120
393,"HDMI Cable",0,1,6,120
394,"USB-C Charger",0,1,6,240
395,"MagSafe Charger",0,0,6,96
396,"HDMI Cable",1,0,6,48
397,"TI-84 Calculator",0,1,6,48
398,"HDMI Cable",0,2,6,240
399,"TI-89 Calculator",0,0,6,24
400,"USB-C to HDMI Adapter",0,0,6,48
401,"HDMI Cable",0,0,6,48
402,"TI-89 Calculator",1,2,6,96
403,"TI-89 Calculator",1,2,6,240
404,"Camera and Accessories Kit",1,0,6,48
405,"USB-C to HDMI Adapter",0,2,6,120
406,"TI-89 Calculator",1,1,6,96
407,"USB-C Charger",0,0,6,48
408,"Lightning Charger",1,2,6,120
409,"USB-C Charger",0,1,6,96
410,"Dell Latitude 5310 laptop",0,0,6,24
411,"Dell Latitude 5310 laptop",1,2,6,240
412,"USB-C Charger",0,0,6,240
413,"USB-C Charger",0,0,6,120
414,GoPro,1,1,6,120
415,"USB-C Charger",0,0,6,240
416,GoPro,0,0,6,240
417,"Dell Latitude 5310 laptop",1,1,6,240
418,"Lightning Charger",0,1,6,240
419,GoPro,1,0,6,96
420,"HDMI Cable",0,0,6,96
421,"USB-C Charger",0,0,6,96
422,"USB-C to HDMI Adapter",0,0,6,240
423,"USB-C to HDMI Adapter",0,0,6,48
424,"Lightning Charger",1,1,6,120
425,"MagSafe Charger",0,2,6,240
426,"Camera and Accessories Kit",0,1,6,96
427,"TI-84 Calculator",1,1,6,240
428,"MagSafe Charger",0,1,6,240
429,"Black pen",1,0,7,197
430,"USB-C Charger",0,1,7,155
431,"Blue pen",1,1,7,14
432,"HDMI Cable",1,0,7,161
433,"Blue pen",0,2,7,171
434,"Lightning Charger",1,1,7,98
435,"USB-C Charger",0,2,7,64
436,"Lightning Charger",0,0,7,145
437,"Magsafe Charger",1,2,7,154
438,"White paper",1,0,7,75
439,"Blue pen",1,1,7,50
440,"USB-C Charger",0,1,7,238
441,"Magsafe Charger",1,2,7,195
442,"Magsafe Charger",1,1,7,17
443,"USB-C Charger",1,1,7,9
444,"USB-C Charger",1,2,7,167
445,"Black pen",1,1,7,31
446,"HDMI Cable",0,0,7,229
447,"HDMI Cable",0,0,7,236
448,"Lightning Charger",1,2,7,152
449,"Magsafe Charger",0,1,7,196
450,"Black pen",1,2,7,86
451,"Lightning Charger",1,1,7,182
452,Pencil,0,0,7,173
453,"HDMI Cable",1,2,7,206
454,"Black pen",1,1,7,62
455,"Lightning Charger",0,0,7,32
456,"Magsafe Charger",1,1,7,30
457,Pencil,1,2,7,37
458,"Magsafe Charger",1,1,7,24
459,"USB-C Charger",1,2,7,6
460,"Lightning Charger",0,1,7,73
461,"Black pen",1,1,7,227
462,"Blue pen",1,2,7,55
463,"Lightning Charger",1,2,7,56
464,"Blue pen",0,0,7,70
465,Pencil,0,0,7,149
466,"Black pen",0,1,7,116
467,"Magsafe Charger",0,2,7,93
468,"Lightning Charger",1,1,7,172
469,"Magsafe Charger",0,0,7,22
470,"Lightning Charger",1,1,7,79
471,"HDMI Cable",0,0,7,77
472,"USB-C Charger",0,0,7,171
473,"HDMI Cable",1,1,7,81
474,Pencil,0,2,7,142
475,"Black pen",1,1,7,162
476,"HDMI Cable",1,1,7,2
477,"Blue pen",0,0,7,181
478,"Blue pen",0,0,7,32
479,"Magsafe Charger",1,0,7,25
480,"White paper",1,2,7,145
481,"White paper",0,1,7,65
482,"HDMI Cable",0,2,7,180
483,"White paper",0,1,7,52
484,"Blue pen",1,0,7,131
485,"Black pen",1,1,7,207
486,Pencil,0,1,7,227
487,Pencil,0,0,7,93
488,"Black pen",0,0,7,117
489,Pencil,0,1,7,193
490,"Blue pen",1,0,7,55
491,"Lightning Charger",0,2,7,67
492,"HDMI Cable",0,0,7,136
493,"Black pen",0,0,7,158
494,"Black pen",1,1,7,135
495,"HDMI Cable",1,1,7,216
496,"USB-C Charger",1,2,7,145
497,"USB-C Charger",0,2,7,78
498,"Magsafe Charger",0,2,7,176
499,"Lightning Charger",0,0,7,212
500,"White paper",0,2,7,50
501,"Lightning Charger",1,0,7,193
502,"Magsafe Charger",1,0,7,218
503,Pencil,1,2,7,159
504,Pencil,0,2,7,121
505,"Lightning Charger",0,2,7,114
506,"Magsafe Charger",1,0,7,40
507,"Black pen",0,1,7,206
508,"USB-C Charger",0,1,7,102
509,"White paper",0,0,7,99
510,"Lightning Charger",0,2,7,86
511,"USB-C Charger",0,2,7,131
512,"Lightning Charger",1,2,7,235
513,"USB-C Charger",0,0,7,204
514,"White paper",0,0,7,150
515,"Blue pen",1,2,7,234
516,"White paper",1,2,7,77
517,"Magsafe Charger",1,1,7,173
518,Pencil,1,1,7,108
519,"White paper",1,1,7,58
520,"Magsafe Charger",0,2,7,224
521,Pencil,1,2,7,54
522,"Magsafe Charger",0,1,7,49
523,"White paper",0,0,7,132
524,"Black pen",0,1,7,25
525,"Magsafe Charger",1,2,7,62
526,"HDMI Cable",1,1,7,168
527,"HDMI Cable",1,0,7,130
528,"White paper",1,1,7,210
529,"White paper",0,1,7,185
530,"Magsafe Charger",0,2,7,211
531,"Black pen",1,2,7,7
532,"HDMI Cable",1,1,7,200
533,"Blue pen",0,2,7,68
534,"White paper",1,0,7,45
535,"Lightning Charger",1,1,7,233
536,"Blue pen",0,2,7,43
537,"Black pen",1,1,7,1
538,"Blue pen",1,2,7,211
539,"Black pen",0,0,7,22
540,"Lightning Charger",0,0,7,94
541,Pencil,1,1,7,78
542,"White paper",0,1,7,82
543,"Lightning Charger",1,2,7,61
544,"Magsafe Charger",0,2,7,126
545,"Black pen",1,2,7,211
546,"Magsafe Charger",0,2,7,101
547,"HDMI Cable",1,1,7,152
548,"USB-C Charger",0,0,7,220
549,Pencil,0,2,7,77
550,"Magsafe Charger",1,1,7,104
551,"HDMI Cable",0,1,7,232
552,"USB-C Charger",0,2,7,51
553,"Lightning Charger",0,0,7,214
554,"HDMI Cable",1,0,7,105
555,"Black pen",1,2,7,93
556,"Magsafe Charger",0,0,7,215
557,"Black pen",0,0,7,64
558,"Black pen",1,1,7,29
559,"HDMI Cable",1,1,7,213
560,"Magsafe Charger",0,1,7,94
561,"HDMI Cable",0,0,7,15
562,"Magsafe Charger",0,2,7,14
563,"White paper",0,1,7,57
564,Pencil,0,0,7,33
565,"USB-C Charger",0,1,7,130
566,"USB-C Charger",0,2,7,237
567,"Blue pen",1,1,7,32
568,"Lightning Charger",0,1,7,202
569,"White paper",1,0,7,32
570,"Lightning Charger",1,1,7,101
571,"Magsafe Charger",0,1,7,104
572,"Black pen",1,0,7,96
573,"Blue pen",1,0,7,179
574,"HDMI Cable",1,1,7,21
575,"Magsafe Charger",0,1,7,159
576,"USB-C Charger",0,1,7,13
577,"HDMI Cable",1,1,7,128
578,Pencil,0,2,7,223
579,"White paper",0,2,7,75
580,"Lightning Charger",1,0,7,62
581,"USB-C Charger",1,0,7,218
582,Pencil,1,0,7,160
583,"White paper",1,1,7,26
584,"Magsafe Charger",1,1,7,149
585,Pencil,1,2,7,151
586,Pencil,0,1,7,20
587,"Lightning Charger",0,1,7,166
588,"White paper",0,0,7,96
589,"USB-C Charger",1,0,7,223
590,"USB-C Charger",0,0,7,175
591,"Lightning Charger",1,1,7,133
592,"USB-C Charger",0,0,7,106
593,"Lightning Charger",0,0,7,106
594,"Black pen",1,0,7,173
595,"Magsafe Charger",1,2,7,208
596,Pencil,0,0,7,77
597,"Magsafe Charger",0,2,7,19
598,"Blue pen",0,0,7,29
599,"HDMI Cable",1,0,7,193
600,"Blue pen",0,0,7,199
601,"USB-C Charger",1,0,7,177
602,"Magsafe Charger",1,0,7,200
603,"USB-C Charger",1,0,7,168
604,"Black pen",1,2,7,62
605,"Lightning Charger",1,0,7,32
606,"Lightning Charger",0,1,7,108
607,"HDMI Cable",1,1,7,86
608,"Magsafe Charger",1,0,7,47
609,"USB-C Charger",1,0,7,174
610,"Magsafe Charger",1,1,7,8
611,"Lightning Charger",1,0,7,110
612,"Lightning Charger",0,1,7,108
613,Pencil,1,1,7,83
614,Pencil,0,2,7,210
615,"Black pen",0,1,7,124
616,"Magsafe Charger",0,1,7,79
617,"White paper",0,1,7,151
618,"Blue pen",0,0,7,67
619,Pencil,1,1,7,38
620,"Magsafe Charger",0,0,7,72
621,"White paper",0,0,7,15
622,"Black pen",1,0,7,129
623,"Black pen",1,2,7,51
624,"HDMI Cable",1,2,7,87
625,"Lightning Charger",0,0,7,173
626,"White paper",0,2,7,62
627,"Magsafe Charger",1,0,7,141
628,Pencil,0,2,7,35
629,"SanDisk 8GB Clip Jam MP3 Player",1,2,3,24
630,"SanDisk 8GB Clip Jam MP3 Player",1,2,3,24
631,"SanDisk 8GB Clip Jam MP3 Player",1,0,3,24
632,"SanDisk 8GB Clip Jam MP3 Player",1,1,3,24
633,"SanDisk 8GB Clip Jam MP3 Player",1,1,3,24
634,"SanDisk 8GB Clip Jam MP3 Player",1,1,3,24
635,"SanDisk 8GB Clip Jam MP3 Player",1,1,3,24
636,"SanDisk 8GB Clip Jam MP3 Player",1,2,3,24
637,"SanDisk 8GB Clip Jam MP3 Player",1,1,3,24
638,"SanDisk 8GB Clip Jam MP3 Player",1,2,3,24
639,"DBPower MK-101 Portable DVD Player",1,1,3,24
640,"DBPower MK-101 Portable DVD Player",1,2,3,24
641,"DBPower MK-101 Portable DVD Player",1,1,3,24
642,"DBPower MK-101 Portable DVD Player",1,0,3,24
643,"DBPower MK-101 Portable DVD Player",1,1,3,24
644,"DBPower MK-101 Portable DVD Player",1,1,3,24
645,"DBPower MK-101 Portable DVD Player",1,1,3,24
646,"DBPower MK-101 Portable DVD Player",1,0,3,24
647,"DBPower MK-101 Portable DVD Player",1,1,3,24
648,"DBPower MK-101 Portable DVD Player",1,1,3,24
649,"USB-C Charger 20W",1,0,3,24
650,"USB-C Charger 20W",1,0,3,24
651,"USB-C Charger 20W",1,2,3,24
652,"USB-C Charger 20W",1,0,3,24
653,"USB-C Charger 20W",1,0,3,24
654,"USB-C Charger 20W",1,0,3,24
655,"USB-C Charger 20W",1,0,3,24
656,"USB-C Charger 20W",1,2,3,24
657,"USB-C Charger 20W",1,2,3,24
658,"USB-C Charger 20W",1,1,3,24
659,"Apple 96W USB-C Power Adapter",1,2,3,12
660,"Apple 96W USB-C Power Adapter",1,0,3,12
661,"Apple 96W USB-C Power Adapter",1,0,3,12
662,"Apple 96W USB-C Power Adapter",1,0,3,12
663,"Apple 96W USB-C Power Adapter",1,2,3,12
664,"Micro USB Cable",1,2,3,12
665,"Micro USB Cable",1,2,3,12
666,"Micro USB Cable",1,2,3,12
667,"Micro USB Cable",1,0,3,12
668,"Micro USB Cable",1,0,3,12
669,"Logitech Wireless Presenter",1,2,3,72
670,"Logitech Wireless Presenter",1,0,3,72
671,"Logitech Wireless Presenter",1,2,3,72
672,"Logitech Wireless Presenter",1,0,3,72
673,"Logitech Wireless Presenter",1,1,3,72
674,"Projection Screen - Small",1,2,3,24
675,"Apple Mini DisplayPort to VGA Adapter",1,0,3,12
676,"Apple Mini DisplayPort to VGA Adapter",1,1,3,12
677,"Belkin Mini DisplayPort to HDMI Adapter",1,1,3,12
678,"Belkin Mini DisplayPort to HDMI Adapter",1,1,3,12
679,"Belkin Mini DisplayPort to HDMI Adapter",1,0,3,12
680,"Belkin USB C to HDMI Adapter",1,2,3,12
681,"Belkin USB C to HDMI Adapter",1,2,3,12
682,"Apple 85W MagSafe 2 Power Adapter",1,1,3,12
683,"Apple Lightning to USB Cable",1,0,3,12
684,"Apple Lightning to USB Cable",1,0,3,12
685,"Apple Lightning to USB Cable",1,2,3,12
686,"Stereo X/Y Microphone with Lightning Connector",1,2,5,48
687,"Stereo X/Y Microphone with Lightning Connector",1,0,5,48
688,"Stereo X/Y Microphone with Lightning Connector",1,0,5,48
689,"Zniaraki 4K Video Camera Camdorder",1,0,5,48
690,"Zniaraki 4K Video Camera Camdorder",1,1,5,48
691,"Portable Drawing Tablet S640",1,1,5,48
692,"Portable Drawing Tablet S640",1,1,5,48
693,"Sennheiser HD 599",1,0,5,6
694,"Sennheiser HD 599",1,2,5,6
695,"Sony WH-XB910N",1,1,5,12
696,"Sony WH-XB910N",1,0,5,12
697,"Apple Pencil",1,0,5,12
698,"Apple Pencil",1,1,5,12
699,"Apple Pencil",1,0,5,12
700,"Fender Frontman 10G 10W Guitar Combo",1,0,5,4
701,"Rockville 20 Watt Guitar Amplifier",1,0,5,4
702,"Rockville 20 Watt Guitar Amplifier",1,2,5,4
703,"Juki TL-200Qi Sewing and Quilting Machine",1,0,5,12
704,"MP Mini MK3 25-Key Midi Controller",1,1,5,12
705,"MP Mini MK3 25-Key Midi Controller",1,0,5,12
706,"Gemini GTR-300 Portable Bluetooth Speaker",1,2,5,12
707,"Gemini GTR-300 Portable Bluetooth Speaker",1,0,5,12
708,"RODE NT1-Kit Large-Diaphragm Condenser",1,2,5,12
709,"RODE NT1-Kit Large-Diaphragm Condenser",1,2,5,12
710,"Blue Snowball USB Microphone",1,0,5,12
711,"Blue Snowball USB Microphone",1,2,5,12
712,"Zoom H6 Handy Recorder",1,2,5,6
713,"Zoom H6 Handy Recorder",1,2,5,6
714,"Zoom H6 Handy Recorder",1,0,5,6
715,"Samsung External CD / DVD Player",1,2,5,6
716,"Samsung External CD / DVD Player",1,1,5,6
717,"Samsung External CD / DVD Player",1,1,5,6
718,"Samsung External CD / DVD Player",1,0,5,6
719,"LG External CD / DVD Player",1,0,5,6
720,"LG External CD / DVD Player",1,1,5,6
721,"LG External CD / DVD Player",1,1,5,6
722,"LG External CD / DVD Player",1,2,5,6
723,"LG External CD / DVD Player",1,0,5,6
724,"Mini DisplayPort to VGA Adapter",1,2,5,6
725,"Mini DisplayPort to VGA Adapter",1,0,5,6
726,"Mini DisplayPort to VGA Adapter",1,1,5,6
727,"Mini DisplayPort to VGA Adapter",1,0,5,6
728,"Mini DisplayPort to VGA Adapter",1,2,5,6
729,"Mini DisplayPort to HDMI Adapter",1,2,5,6
730,"Mini DisplayPort to HDMI Adapter",1,2,5,6
731,"Mini DisplayPort to HDMI Adapter",1,1,5,6
732,"Mini DisplayPort to HDMI Adapter",1,2,5,6
733,"Mini DisplayPort to HDMI Adapter",1,1,5,6
734,"USB-C to HDMI-Adapter",1,2,5,6
735,"USB-C to HDMI-Adapter",1,2,5,6
736,"USB-C to HDMI-Adapter",1,2,5,6
737,"USB-C to HDMI-Adapter",1,1,5,6
738,"USB-C to HDMI-Adapter",1,0,5,6
739,"USB-C to USB-A Adapter",1,2,5,6
740,"USB-C to USB-A Adapter",1,0,5,6
741,"USB-C to USB-A Adapter",1,1,5,6
742,"USB-C to USB-A Adapter",1,1,5,6
743,"USB-C to USB-A Adapter",1,2,5,6
744,"Apple Lightning to USB Cable",1,2,5,6
745,"Apple Lightning to USB Cable",1,1,5,6
746,"Apple Lightning to USB Cable",1,0,5,6
747,"Apple Lightning to USB Cable",1,2,5,6
748,"Apple Lightning to USB Cable",1,1,5,6
749,"USB-C to USB-C Cable",1,0,5,6
750,"USB-C to USB-C Cable",1,2,5,6
751,"USB-C to USB-C Cable",1,1,5,6
752,"USB-C to USB-C Cable",1,1,5,6
753,"USB-C to USB-C Cable",1,2,5,6
754,"Micro USB to USB Cable",1,1,5,3
755,"Micro USB to USB Cable",1,2,5,3
756,"Micro USB to USB Cable",1,1,5,3
757,"Micro USB to USB Cable",1,2,5,3
758,"Micro USB to USB Cable",1,0,5,3
759,"USB AC Power Adapter",1,1,5,3
760,"USB AC Power Adapter",1,0,5,3
761,"USB AC Power Adapter",1,1,5,3
762,"USB AC Power Adapter",1,2,5,3
763,"USB-C Compact Wall Charger",1,1,5,6
764,"Donner Wireless Page Turner Pedal",1,2,5,6
765,"Donner Wireless Page Turner Pedal",1,0,5,6
766,"Piano Room",1,0,4,3
767,"Piano Room",1,0,4,3
768,"Group Room",1,2,4,3
769,"Group Room",1,2,4,3
770,"Video Room",1,0,4,3
771,"Video Room",1,0,4,3
772,"Hot Plates with Magnetic Stirrers",1,2,11,72
773,"Test Tubes",1,0,11,72
774,Balances,1,1,11,48
775,"UV-Vis Spectrophotometers",1,2,11,72
776,Desiccators,0,2,11,72
777,"Hot Plates with Magnetic Stirrers",0,0,11,72
778,"Round Bottom Flasks",0,1,11,72
779,Micropipettes,1,2,11,48
780,"Volumetric Flasks",1,0,11,72
781,"Griffin Beakers",1,1,11,72
782,Burette,0,2,11,48
783,"Polypropylene Beakers",1,2,11,72
784,Spatulas,1,2,11,72
785,Crucibles,0,1,11,72
786,"Buchner Funnels",0,2,11,72
787,Burette,0,1,11,48
788,"Magnetic Stir Bars",1,1,11,72
789,"Lab Coats",1,2,11,24
790,Desiccators,1,2,11,72
791,"Round Bottom Flasks",0,2,11,72
792,"Allihn Condensers",1,2,11,72
793,"Stirring Rods",0,2,11,72
794,"Graham Condensers",0,0,11,72
795,"Berzelius Beakers",1,1,11,72
796,Spatulas,1,1,11,72
797,Crucibles,1,1,11,72
798,Thermometers,0,2,11,48
799,"Volumetric Pipettes",1,1,11,48
800,"Safety Goggles",1,2,11,24
801,"UV-Vis Spectrophotometers",0,2,11,72
802,"Allihn Condensers",1,2,11,72
803,"Magnetic Stir Bars",0,2,11,72
804,"Polypropylene Beakers",0,2,11,72
805,"Liebig Condensers",1,1,11,72
806,"Allihn Condensers",1,1,11,72
807,"Erlenmeyer Flasks",1,2,11,72
808,"Buchner Funnels",1,1,11,72
809,"Filter Paper",0,0,11,24
810,"Graduated Pipettes",1,2,11,48
811,"Filter Paper",1,1,11,24
812,"Stirring Rods",0,2,11,72
813,"Graham Condensers",1,2,11,72
814,"Erlenmeyer Flasks",0,2,11,72
815,"Buchner Funnels",1,1,11,72
816,"Filter Paper",0,0,11,24
817,Thermometers,1,2,11,48
818,"Mortar and Pestle",1,1,11,72
819,"Safety Goggles",1,2,11,24
820,"Bunsen Burners",1,2,11,72
821,"pH Meter",0,2,11,48
822,"Test Tubes",1,1,11,72
823,"pH Meter",1,1,11,48
824,Micropipettes,1,2,11,48
825,"Allihn Condensers",1,1,11,72
826,"Graduated Pipettes",1,1,11,48
827,"Volumetric Flasks",1,2,11,72
828,Balances,0,2,11,48
829,Gloves,0,2,11,24
830,"UV-Vis Spectrophotometers",0,2,11,72
831,"Graham Condensers",1,0,11,72
832,"Erlenmeyer Flasks",1,2,11,72
833,"Test Tubes",0,2,11,72
834,"Hot Plates with Magnetic Stirrers",1,1,11,72
835,Micropipettes,1,2,11,48
836,"Griffin Beakers",0,2,11,72
837,"Polypropylene Beakers",1,2,11,72
838,"Bunsen Burners",0,2,11,72
839,"Test Tubes",1,2,11,72
840,"Stirring Rods",0,1,11,72
841,"Griffin Beakers",1,1,11,72
842,"Glass Slides",1,2,11,24
843,"Filter Paper",0,2,11,24
844,"Stirring Rods",0,2,11,72
845,"Filter Paper",1,2,11,24
846,"Liebig Condensers",1,2,11,72
847,"Stirring Rods",1,2,11,72
848,"Filter Paper",1,2,11,24
849,"Filter Paper",0,2,11,24
850,"Magnetic Stir Bars",1,2,11,72
851,Spatulas,0,2,11,72
852,Burette,1,2,11,48
853,"Mortar and Pestle",1,1,11,72
854,"Graduated Pipettes",1,1,11,48
855,"Buchner Funnels",0,0,11,72
856,"Filter Paper",1,2,11,24
857,"Round Bottom Flasks",1,0,11,72
858,"Buchner Funnels",1,1,11,72
859,"Safety Goggles",1,2,11,24
860,"Volumetric Flasks",1,1,11,72
861,Desiccators,1,2,11,72
862,Thermometers,0,0,11,48
863,"Lab Coats",1,0,11,24
864,"Polypropylene Beakers",1,2,11,72
865,"Analytical Balances",1,1,11,48
866,Desiccators,1,1,11,72
867,"Mortar and Pestle",1,2,11,72
868,"Graham Condensers",1,2,11,72
869,"Volumetric Flasks",1,1,11,72
870,"Bunsen Burners",0,2,11,72
871,Micropipettes,0,0,11,48
872,"pH Meter",0,0,11,48
873,"Liebig Condensers",1,2,11,72
874,Thermometers,1,2,11,48
875,"Berzelius Beakers",1,2,11,72
876,"Magnetic Stir Bars",1,2,11,72
877,"Buchner Funnels",0,2,11,72
878,"Mortar and Pestle",1,2,11,72
879,"Graham Condensers",1,1,11,72
880,"pH Meter",0,2,11,48
881,"Safety Goggles",0,1,11,24
882,"Filter Paper",0,1,11,24
883,Spatulas,0,0,11,72
884,Desiccators,1,0,11,72
885,"UV-Vis Spectrophotometers",1,2,11,72
886,Desiccators,1,2,11,72
887,"Erlenmeyer Flasks",1,2,11,72
888,"Hot Plates with Magnetic Stirrers",1,1,11,72
889,"Polypropylene Beakers",0,1,11,72
890,"Polypropylene Beakers",1,1,11,72
891,"Allihn Condensers",1,1,11,72
892,Spatulas,1,2,11,72
893,"pH Meter",1,2,11,48
894,Balances,1,2,11,48
895,Burette,0,1,11,48
896,"Graham Condensers",0,2,11,72
897,"Buchner Funnels",1,2,11,72
898,"Volumetric Pipettes",1,2,11,48
899,"Graham Condensers",1,2,11,72
900,"Bunsen Burners",0,1,11,72
901,"Filter Paper",1,1,11,24
902,"UV-Vis Spectrophotometers",1,1,11,72
903,"Stirring Rods",0,2,11,72
904,"Liebig Condensers",0,0,11,72
905,"Erlenmeyer Flasks",1,1,11,72
906,"Griffin Beakers",1,0,11,72
907,"Graham Condensers",1,0,11,72
908,Desiccators,1,2,11,72
909,"Analytical Balances",1,2,11,48
910,"Analytical Balances",1,1,11,48
911,Spatulas,1,0,11,72
912,"Hot Plates with Magnetic Stirrers",1,1,11,72
913,Gloves,0,1,11,24
914,"pH Meter",1,1,11,48
915,Balances,1,1,11,48
916,"Lab Coats",0,1,11,24
917,Micropipettes,0,2,11,48
918,"Volumetric Flasks",1,2,11,72
919,"Analytical Balances",1,0,11,48
920,Gloves,0,1,11,24
921,"Magnetic Stir Bars",0,2,11,72
922,"Mortar and Pestle",1,2,11,72
923,"Glass Slides",0,2,11,24
924,Gloves,0,2,11,24
925,"Analytical Balances",1,1,11,48
926,Spatulas,1,0,11,72
927,Desiccators,0,2,11,72
928,"Round Bottom Flasks",1,0,11,72
929,"Volumetric Pipettes",1,2,11,48
930,"Polypropylene Beakers",0,2,11,72
931,Spatulas,1,2,11,72
932,"Polypropylene Beakers",1,1,11,72
933,Spatulas,1,2,11,72
934,"Graduated Pipettes",1,1,11,48
935,"Glass Slides",1,2,11,24
936,Desiccators,0,2,11,72
937,"Safety Goggles",1,1,11,24
938,"Lab Coats",1,2,11,24
939,"Buchner Funnels",0,2,11,72
940,Micropipettes,0,1,11,48
941,"Hot Plates with Magnetic Stirrers",1,0,11,72
942,"Test Tubes",1,1,11,72
943,"UV-Vis Spectrophotometers",0,0,11,72
944,Micropipettes,1,0,11,48
945,"Test Tubes",0,2,11,72
946,"Stirring Rods",1,0,11,72
947,"Volumetric Pipettes",0,1,11,48
948,"Volumetric Pipettes",1,2,11,48
949,Thermometers,1,0,11,48
950,"Erlenmeyer Flasks",1,2,11,72
951,"Bunsen Burners",0,1,11,72
952,"Erlenmeyer Flasks",1,1,11,72
953,"Magnetic Stir Bars",0,2,11,72
954,"Round Bottom Flasks",1,2,11,72
955,"Bunsen Burners",1,2,11,72
956,"Allihn Condensers",0,2,11,72
957,"pH Meter",1,2,11,48
958,Desiccators,1,1,11,72
959,"Volumetric Flasks",1,1,11,72
960,"Filter Paper",1,2,11,24
961,"Berzelius Beakers",0,2,11,72
962,"pH Meter",0,2,11,48
963,"Safety Goggles",1,1,11,24
964,"Graham Condensers",1,1,11,72
965,Desiccators,1,2,11,72
966,"Griffin Beakers",1,1,11,72
967,"Liebig Condensers",1,2,11,72
968,Balances,1,2,11,48
969,"Liebig Condensers",1,1,11,72
970,"Magnetic Stir Bars",1,2,11,72
971,Burette,1,2,11,48
972,"Public Computer",1,2,3,NULL
973,"Public Computer",1,1,10,NULL
974,"Public Computer",1,2,9,NULL
975,"Public Computer",0,1,10,NULL
976,"Public Computer",1,2,3,NULL
977,"Public Computer",1,0,3,NULL
978,"Public Computer",1,1,9,NULL
979,"Public Computer",1,0,6,NULL
980,"Public Computer",1,2,3,NULL
981,"Public Computer",1,1,3,NULL
982,"Public Computer",1,1,10,NULL
983,"Public Computer",0,2,10,NULL
984,"Public Computer",1,2,10,NULL
985,"Public Computer",1,0,10,NULL
986,"Public Computer",0,1,9,NULL
987,"Public Computer",0,1,9,NULL
988,"Public Computer",1,1,9,NULL
989,"Public Computer",0,2,10,NULL
990,"Public Computer",1,1,3,NULL
991,"Public Computer",1,1,9,NULL
992,"Public Computer",1,1,6,NULL
993,"Public Computer",1,1,10,NULL
994,"Public Computer",1,2,10,NULL
995,"Public Computer",1,2,3,NULL
996,"Public Computer",1,1,9,NULL
997,"Public Computer",0,2,3,NULL
998,"Public Computer",1,0,9,NULL
999,"Public Computer",0,1,9,NULL
1000,"Public Computer",0,2,6,NULL
